use Kyukeisho;

-- USUARIO --
insert into usuario (id_usuario, primer_nombre_usuario, segundo_nombre_usuario, primer_apellido_usuario, segundo_apellido_usuario, correo_usuario, telefono_usuario, direccion)
values 		(113, 'Juan', 'Alberto', 'Lopez', 'Obregon', 'juanal@gmail.com', 3115698975, 'Kra 4 N°45 R Sur'),
			(114, 'Marcos', 'Mateo', 'Lopez', 'Rodríguez', 'marcos@gmail.com', 3205898965, 'Kra 4 N°35 z Sur'),
            (115, 'Daniel', 'Alberto', 'Gómez', 'Gonzáles', 'daniel@gmail.com', 3505623648, 'Cll 10 N°65 R Sur'),
            (116, 'Juan', 'Pablo', 'Martínez', 'Sánchez', 'juanpa@gmail.com', 3005368754, 'Carrera 3 # 18- 49'),
            (117, 'Álvaro', 'Hakim', 'Castro', '', 'alvaro@gmail.com', 3017696370, 'Carrera 7 # 84- 102'),
            (118, 'Adrían', 'Asher', 'Ruiz', 'Ortiz', 'adrian@gmail.com', 3214578915, 'Calle 4 No. 5 – 100'),
            (119, 'Henry', 'David', 'Suárez', 'Romero', 'henry@gmail.com', 3120008975, 'Calle 11 No. 4 - 14'),
            (121, 'Diego', 'Fernando', 'Herrera', 'Valencia', 'diego@gmail.com', 1056897485, 'Calle 24 N° 5-60'),
            (122, 'Jude', 'Javier', 'Quintero', 'Restrepo', 'jude@gmail.com', 3000108975, 'Av. Ciudad de Cali No. 6C-09'),
            (123, 'Ángel', 'Gabriel', 'Giraldo', 'Morales', 'angel@gmail.com', 3115690000, 'Calle 48b sur No 21-13'),
            (124, 'Thiago', 'Valentín', 'García', 'Oliver', 'thiago@gmail.com', 3031230000, 'Avenida Kra 60 No 57-60'),
		    (125, 'Julián', 'Dante', 'Jake', '', 'julian@gmail.com', 3037896400, 'Calle 11 No. 4-21 / 93'),
			(126, 'Julián', '', 'Jake', '', 'julianja@gmail.com', 3037896400, 'Calle 11 No. 4-21 / 93'),
            (127, 'Andrea', '', 'Noah', '', 'andrea@gmail.com', 3093646414, 'Calle 10 No. 5-22'),
            (128, 'Sophia', '', 'Connor', '', 'sophia@gmail.com', 3124587986, 'Carrera 20 No. 37-54'),
            (129, 'Emma', '', 'Harry', '', 'emma@gmail.com', 3201234578, 'Av.Calle 19 N° 2-49 Centro'),
            (131, 'Isabella', '', 'Mason', '', 'sabella@gmail.com', 3126548795, 'Calle 109a N° 17-10 Sede Norte'),
            (132, 'Olivia', '', 'Charlie', '', 'olivia@gmail.com', 3002345600, 'Cr.8a # 15-63'),
            (133, 'Martina', '', 'Margaret', '', 'martina@gmail.com', 3045687120, 'Cr.9 # 74-99'),
            (134, 'Giorgia', '', 'Michelle', '', 'giorgia@gmail.com', 3506584578, 'Carrera 1 Este No. 17 01'),
            (135, 'Charlotte', '', 'Murphy', '', 'charlotte@gmail.com', 3205681234, 'Cr.6 # 17-12'),
            (136, 'Zeynep', '', 'OConnor', '', 'zeynep@gmail.com', 3037890101, 'Carrera 7 Calle 26');
		
--------------------------------------------------------------------------------------------------------------------------------------------------------------------------------------------        
        
-- CATEGORIA_JUEGOS --
insert into categoria_juegos (id_categoria_juegos, nombre_categoria_juegos)
values     	(001, 'Acción'),
			(002, 'Lucha'),
			(003, 'Arcade'),
			(004, 'Estrategia'),
			(005, 'Simuladores'),
			(006, 'Deporte'),
			(007, 'Aventura'),
			(008, 'Rol - RPG'),
			(009, 'Sandbox'),
			(010, 'Musical'),
			(011, 'Puzzle'),
			(012, 'Educación'),
			(013, 'Terror'),
			(014, 'Artísticos'),
			(015, 'Infantil'),
			(016, 'Carreras'),
			(017, 'Supervivencia'),
			(018, 'Lucha'),
			(019, 'Guerra'),
			(020, 'Agilidad Mental'),
			(021, 'Aventuras De Rol'),
			(022, 'Cartas'),
			(023, 'Construcción'),
			(024, 'Cooperación'),
			(025, 'Cyberpunk'),
			(026, 'Shooter'),
			(027, 'Interactivos'),
			(028, 'Pinball'),
			(029, 'Antología'),
			(030, 'Tablero'),
			(031, 'Multijugador'),
			(032, 'Batalla En Línea'),
			(033, 'Simulación Social Y De Vida'),
			(034, 'Plataformas'),
            (035, 'Sociales'),
            (036, 'Conducción');

--------------------------------------------------------------------------------------------------------------------------------------------------------------------------------------------

-- SERVICIOS --
insert into servicios (id_servicio, nombre_servicio, precio_servicio)
values 		(01, 'Baño', 1000),
			(02, 'Xbox 360', 1000 ),
            (03, 'PS2', 1000 ),
            (04, 'PS3', 1000 ),
            (05, 'PS4', 1000 ),
            (06, 'Pc', 1000 ),
            (07, 'Xbos one', 1000 ),
            (08, 'Nintendo', 1000 ),
            (09, 'Wii', 1000 ),
            (10, 'Alimentos', 1000 );
--------------------------------------------------------------------------------------------------------------------------------------------------------------------------------------------

-- CITAS -- 
insert into citas (id_cita, fecha_cita, hora_cita, id_usuario)
values 		(0001, '2019-10-01', '04:29:00', 114),
			(0002, '2018-12-03', '05:45:00', 115),
            (0003, '2016-11-05', '01:32:00', 115),
            (0004, '2017-09-07', '02:13:00', 116),
            (0005, '2017-10-08', '03:45:00', 117),
            (0006, '2017-05-09', '05:45:00', 118),
            (0007, '2018-10-10', '06:15:00', 119),
            (0008, '2019-01-12', '07:23:00', 121),
            (0009, '2018-10-12', '08:32:00', 122),
            (0010, '2019-10-11', '09:45:00', 123),
            (0011, '2018-04-14', '12:12:00', 124),
            (0012, '2019-10-15', '11:45:00', 125),
            (0013, '2018-05-16', '10:45:00', 126),
            (0014, '2017-06-17', '03:45:00', 127),
            (0015, '2018-10-18', '05:45:00', 128),
            (0016, '2019-07-19', '07:45:00', 129),
            (0017, '2019-08-20', '10:45:00', 131),
            (0018, '2017-09-22', '03:45:00', 132),
            (0019, '2018-11-21', '18:45:00', 133),
            (0020, '2019-12-23', '03:54:00', 134),
            (0021, '2019-01-14', '09:00:00', 135),
            (0022, '2019-02-23', '03:45:00', 136);

--------------------------------------------------------------------------------------------------------------------------------------------------------------------------------------------
	
-- ADMINISTRADOR --
insert into administrador (id_administrador, primer_nombre_administrador, segundo_nombre_administrador, primer_apellido_administrador, segundo_apellido_administrador, correo_administrador, telefono_administrador)
values  (00001, 'Adagny', 'Benno', 'Fave', 'Ferrec', 'adagny@gmail.com', 3002356897),
		(00002, 'Dafnée', 'Denise', 'Rossi', 'Bianchi', 'dafnee@gmail.com', 3052138795);

--------------------------------------------------------------------------------------------------------------------------------------------------------------------------------------------
            
-- TIPO_PRODUCTO --
insert into tipo_producto (id_tipo_producto, nombre_tipo_producto)
values 	(12340, 'Comestibles'),
		(12341, 'Videojuegos'),
		(12342, 'Golosinas'),
        (12343, 'Productos Tecnologicos'),
        (12344, 'Bebidas'),
        (12345, 'Utiles Escolares');

--------------------------------------------------------------------------------------------------------------------------------------------------------------------------------------------
            
-- FACTURA --
-- FACTURA --
insert into factura (id_factura, fecha_entrada, hora_entrada,fecha_compra, hora_compra, precio_total)
values  (998, '2019-10-01', '04:29:00', '2019-10-01', '05:29:00', 10000),
        (997, '2018-11-01', '03:29:00', '2018-11-01', '04:00:00', 10000),
        (996, '2019-11-09', '04:29:00', '2019-11-09', '06:29:00', 10000),
        (995, '2019-02-01', '04:29:00', '2019-02-01', '05:29:00', 10000),
        (994, '2019-03-02', '05:29:00', '2019-03-02', '06:29:00', 10000),
        (993, '2019-04-03', '06:29:00', '2019-04-03', '07:29:00', 10000),
        (992, '2019-02-04', '07:29:00', '2019-02-04', '08:29:00', 10000),
        (991, '2019-05-05', '08:29:00', '2019-05-05', '08:45:00', 10000),
        (990, '2019-06-06', '01:29:00', '2019-06-06', '02:29:00', 10000),
        (989, '2019-07-07', '04:29:00', '2019-07-07', '06:29:00', 10000),
        (988, '2019-02-08', '04:29:00', '2019-02-08', '07:29:00', 10000),
        (987, '2019-01-01', '03:29:00', '2019-01-01', '04:29:00', 10000),
        (986, '2019-02-01', '02:29:00', '2019-02-01', '04:29:00', 10000),
        (985, '2019-03-01', '01:29:00', '2019-03-01', '04:29:00', 10000),
        (984, '2019-04-01', '12:29:00', '2019-04-01', '04:29:00', 10000),
        (983, '2019-05-01', '10:29:00', '2019-05-01', '04:29:00', 10000),
        (982, '2019-06-01', '03:29:00', '2019-06-01', '04:29:00', 900),
        (981, '2019-07-01', '02:29:00', '2019-07-01', '04:29:00', 10000),
        (980, '2019-08-01', '01:29:00', '2019-08-01', '04:29:00', 9000),
        (979, '2019-09-01', '12:29:00', '2019-09-01', '04:29:00', 10000),
        (978, '2019-10-01', '04:29:00', '2019-10-01', '05:29:00', 100000);


--------------------------------------------------------------------------------------------------------------------------------------------------------------------------------------------
        
-- JUEGOS --        
insert into juegos (codigo_juego, nombre_juego, id_usuario)
values  
		-- Pc --
        (451, 'Euro Truck Simulator 2', 121),
		(452, 'American Truck Simulator 2', 122),
		(453, 'Pes 2019', 123),
		(454, 'Assassins Creed Odyssey Gold Edition', 124),
		(455, 'Grand Theft Auto V', 125),
        
	-- PS4 --
		(456,'God of War', 126),
		(457,'Battlefield 4', 127),
		(458,'Spider-Man',128),	
		(459,'FIFA 19', 129),
        
	-- Xbox 360 --
		(461, 'Resident Evil 4', 113),
		(462, 'NBA2K18', 114),
		(463, 'Rise of the Tomb Raider',115),
		(464, 'WWE 2K17', 116),
		(465, 'Call Of Duty Black Ops III', 117),
        
	-- Xbox One --
		(466, 'Minecraft', 131),
		(467, 'Fortnite', 132),
		(468, 'Roblox', 133),
		(469, 'The Elder Scrolls Online', 134),
		(471, 'Anthem', 134),
        
	-- Nintendo --
		(472, 'The Legend of Zelda', 135),
		(473, 'Mario Kart 8 Deluxe', 136),
		(474, 'Mario Bros', 131),
		(475, 'Kirby', 121),
		(476, 'Splatoon 2', 122),
        
	-- Wii-
		(477, 'Wall e', 114),
		(478, 'Just Dance 17', 114),
		(479, 'Fatal Frame 4',123),
		(481, 'The Voice', 123),
		(482, 'Wii Fit U', 131);

--------------------------------------------------------------------------------------------------------------------------------------------------------------------------------------------
	
-- JUEGOS_CATEGORIA_JUEGOS --
insert into juegos_categoria_juegos (codigo_juego, id_categoria_juegos)
values 	
		-- Pc --
        (451, 005),
		(452, 005),
		(453, 006),
		(454, 001),
		(455, 001),
        
	-- PS4 --
		(456, 001),
		(457, 017),
		(458, 017),
		(459, 004),	
        
	-- Xbox 360 --
		(461, 017),
		(462, 006),
		(463, 001),
		(464, 002),
		(465, 001),
        
	-- Xbox One --
		(466, 023),
		(467, 017),
		(468, 017),
		(469, 031),
		(471, 001),
        
	-- Nintendo --
		(472, 004),
		(473, 036),
		(474, 004),
		(475, 001),
		(476, 021),
        
	-- Wii-
		(477, 003),
		(478, 010),
		(479, 001),
		(481, 004),
		(482, 002);

        
--------------------------------------------------------------------------------------------------------------------------------------------------------------------------------------------
        
-- SERVICIOS_FACTURA -- 
insert into servicios_factura (id_servicio, id_factura)
values (01,998),
	   (02,997),
       (03,996),
       (04,995),
       (05,994),
       (06,993),
       (07,992),
       (08,991),
       (08,990),
       (10,989),
       (01,988),
       (02,987),
       (03,986),
       (04,985),
       (05,984),
       (06,983),
       (07,983),
       (08,982),
       (09,981),
       (10,980),
       (01,979);

--------------------------------------------------------------------------------------------------------------------------------------------------------------------------------------------

-- PRODUCTOS --
insert into productos (id_producto, nombre_producto, cantidad_producto, precio_unitario_producto, id_tipo_producto)
values (1, 'Cheetos', 1, 1200, 12340),
	   (2, 'Bom Bom Bum', 1, 250, 12342),
       (3, 'Ponque Ramo', 1, 3500, 12340),
       (4, 'Tricopollos', 1, 800, 12340),
       (5, 'Chocorramo', 2, 1200, 12340),
       (6, 'PS4 - Infinite Warfare Legacy Edition', 1, 59900, 12341),
       (7, 'Xbox OnE - Crash Bandicoot N. Sane Trigoly', 1, 169900, 12341),
       (8, 'PS4 - FIFA 20 Edition Deluxe', 1, 319000, 12341),
       (9, 'Xbox 360 - PES 2017', 1, 30000, 12341),
       (10, 'Wii - Pack Juegos Digitales', 1, 49990, 12341),
       (11, 'Audífonos Spirit', 1, 49990, 12343),
       (12, 'Cargador Bateria Power Bank 4000 mAh Blanco', 1, 9990, 12343),
       (13, 'Gaseosa Coca Cola sin azúcar x 2 und', 1, 8990, 12344),
       (14, 'Agua Cristal x 24 und', 1, 9990, 12344),
       (15, 'Bebida Gasificada Limonada', 1, 2790, 12344),
       (16, 'Jugo Hit x 12 und', 1, 9190, 12344),
       (17, 'Pony Malta Sixpack', 1, 5590, 12344),
       (18, 'Resaltadores x 20 und', 1, 3337, 12345),
       (19, 'Portafolio Pokémon', 2, 44991, 12345),
       (20, 'Xtime', 2, 200, 12342);

--------------------------------------------------------------------------------------------------------------------------------------------------------------------------------------------

-- FACTURA_PRODUCTOS --
insert into factura_productos (id_factura, id_producto)
values (998,1 ),
	   (997,2 ),
       (996,3 ),
       (995,4 ),
       (994,5 ),
       (993,6 ),
       (992,7 ),
       (991,8 ),
       (990,9 ),
       (989,10 ),
       (988,11 ),
       (987,12 ),
       (986,13 ),
       (985,14 ),
       (984,15 ),
       (983,16 ),
       (982,17 ),
       (981,18 ),
       (980,19 ),
       (979,20 );

--------------------------------------------------------------------------------------------------------------------------------------------------------------------------------------------           

-- FACTURA_COMPRA --
insert into factura_compra(id_usuario,id_factura)
values	(113,998),
		(114,997),
		(115,996),
		(116,995),
		(117,994),
		(118,993),
		(119,992),
		(121,991),
		(122,990),
		(123,989),
		(124,988),
		(125,987),
		(126,986),
		(127,985),
		(128,984),
		(129,983),
		(131,982),
		(132,981),
		(133,980),
		(134,979),
		(135,978);
  
--------------------------------------------------------------------------------------------------------------------------------------------------------------------------------------------  

-- FACTURA_VENTA --
insert into factura_venta(id_administrador, id_factura)
values	(00001, 998),
		(00002, 997),
		(00001, 996),
		(00002, 995),
		(00002, 994),
		(00001, 993),
		(00001, 992),
		(00002, 991),
		(00002, 990),
		(00001, 989),
		(00002, 988),
		(00001, 987),
		(00002, 986),
		(00002, 985),
		(00002, 984),
		(00001, 983),
		(00001, 982),
		(00002, 981),
		(00001, 980),
		(00002, 979);
--------------------------------------------------------------------------------------------------------------------------------------------------------------------------------------------
    
-- USUARIO_SERVICIOS --
insert into usuario_servicios (id_usuario, id_servicio)
values	(113, 01),
		(114, 02),
		(115, 03),
		(116, 04),
		(117, 05),
		(118, 06),
		(119, 07),
		(121, 08),
		(122, 09),
		(123, 10),
		(124, 01),
		(125, 02),
		(126, 03),
		(127, 04),
		(128, 05),
		(129, 06),
		(131, 07),
		(132, 08),
		(133, 09),
		(134, 10),
		(135, 01),
		(136, 02);